{"sensorPrototypeName":"temperature_sensor","messagePrototype":{"fieldsPrototypes":[{"name":"temperature","value":{"distributions":[{"minValue":11.0,"maxValue":20.666666666666664,"probability":0.23076923076923078},{"minValue":20.666666666666664,"maxValue":30.33333333333333,"probability":0.5769230769230769},{"minValue":30.33333333333333,"maxValue":39.99999999999999,"probability":0.15384615384615385}]},"type":"integer"}]}}